index,token,link,png_file
1,QR-2OY01A2G7U4,https://vk.me/club236814060?start=QR-2OY01A2G7U4&ref=QR-2OY01A2G7U4,QR-2OY01A2G7U4.png
2,QR-1IDRWZMIXOS,https://vk.me/club236814060?start=QR-1IDRWZMIXOS&ref=QR-1IDRWZMIXOS,QR-1IDRWZMIXOS.png
3,QR-DHFKJO6CKY4,https://vk.me/club236814060?start=QR-DHFKJO6CKY4&ref=QR-DHFKJO6CKY4,QR-DHFKJO6CKY4.png
4,QR-KY2PQWSFWSI,https://vk.me/club236814060?start=QR-KY2PQWSFWSI&ref=QR-KY2PQWSFWSI,QR-KY2PQWSFWSI.png
5,QR-WWO_GO0QC0U,https://vk.me/club236814060?start=QR-WWO_GO0QC0U&ref=QR-WWO_GO0QC0U,QR-WWO_GO0QC0U.png
6,QR-SJJKPVDJLTC,https://vk.me/club236814060?start=QR-SJJKPVDJLTC&ref=QR-SJJKPVDJLTC,QR-SJJKPVDJLTC.png
7,QR-EK-WI5EQLVK,https://vk.me/club236814060?start=QR-EK-WI5EQLVK&ref=QR-EK-WI5EQLVK,QR-EK-WI5EQLVK.png
8,QR-1LV0QZDL4QW,https://vk.me/club236814060?start=QR-1LV0QZDL4QW&ref=QR-1LV0QZDL4QW,QR-1LV0QZDL4QW.png
9,QR-E9PS_UJUNQ0,https://vk.me/club236814060?start=QR-E9PS_UJUNQ0&ref=QR-E9PS_UJUNQ0,QR-E9PS_UJUNQ0.png
10,QR-IISJVWDBKYO,https://vk.me/club236814060?start=QR-IISJVWDBKYO&ref=QR-IISJVWDBKYO,QR-IISJVWDBKYO.png
11,QR-VSUTPLBAIXW,https://vk.me/club236814060?start=QR-VSUTPLBAIXW&ref=QR-VSUTPLBAIXW,QR-VSUTPLBAIXW.png
12,QR-NYEXJ0QAHHI,https://vk.me/club236814060?start=QR-NYEXJ0QAHHI&ref=QR-NYEXJ0QAHHI,QR-NYEXJ0QAHHI.png
13,QR-WW-HZTYSEGW,https://vk.me/club236814060?start=QR-WW-HZTYSEGW&ref=QR-WW-HZTYSEGW,QR-WW-HZTYSEGW.png
14,QR-B_A23PH5HXS,https://vk.me/club236814060?start=QR-B_A23PH5HXS&ref=QR-B_A23PH5HXS,QR-B_A23PH5HXS.png
15,QR-8ERP7V8NNTI,https://vk.me/club236814060?start=QR-8ERP7V8NNTI&ref=QR-8ERP7V8NNTI,QR-8ERP7V8NNTI.png
16,QR-TPM7MLXHJ20,https://vk.me/club236814060?start=QR-TPM7MLXHJ20&ref=QR-TPM7MLXHJ20,QR-TPM7MLXHJ20.png
17,QR-6XZSNRUMEFQ,https://vk.me/club236814060?start=QR-6XZSNRUMEFQ&ref=QR-6XZSNRUMEFQ,QR-6XZSNRUMEFQ.png
18,QR-CY-HPNFFZSE,https://vk.me/club236814060?start=QR-CY-HPNFFZSE&ref=QR-CY-HPNFFZSE,QR-CY-HPNFFZSE.png
19,QR-V8MFSDXBYJA,https://vk.me/club236814060?start=QR-V8MFSDXBYJA&ref=QR-V8MFSDXBYJA,QR-V8MFSDXBYJA.png
20,QR-5_HBUE9JBQG,https://vk.me/club236814060?start=QR-5_HBUE9JBQG&ref=QR-5_HBUE9JBQG,QR-5_HBUE9JBQG.png
21,QR-LKMMHJDB6EO,https://vk.me/club236814060?start=QR-LKMMHJDB6EO&ref=QR-LKMMHJDB6EO,QR-LKMMHJDB6EO.png
22,QR--1MVZWS4DMO,https://vk.me/club236814060?start=QR--1MVZWS4DMO&ref=QR--1MVZWS4DMO,QR--1MVZWS4DMO.png
23,QR-21RKRH1PJKU,https://vk.me/club236814060?start=QR-21RKRH1PJKU&ref=QR-21RKRH1PJKU,QR-21RKRH1PJKU.png
24,QR-UZ4SI2N6GQG,https://vk.me/club236814060?start=QR-UZ4SI2N6GQG&ref=QR-UZ4SI2N6GQG,QR-UZ4SI2N6GQG.png
25,QR-ROX27GOHEXY,https://vk.me/club236814060?start=QR-ROX27GOHEXY&ref=QR-ROX27GOHEXY,QR-ROX27GOHEXY.png
26,QR-WBF2KV672EU,https://vk.me/club236814060?start=QR-WBF2KV672EU&ref=QR-WBF2KV672EU,QR-WBF2KV672EU.png
27,QR-I3E0IBPVGUO,https://vk.me/club236814060?start=QR-I3E0IBPVGUO&ref=QR-I3E0IBPVGUO,QR-I3E0IBPVGUO.png
28,QR-LN940QJEIWY,https://vk.me/club236814060?start=QR-LN940QJEIWY&ref=QR-LN940QJEIWY,QR-LN940QJEIWY.png
29,QR-9HV-HPHWIKG,https://vk.me/club236814060?start=QR-9HV-HPHWIKG&ref=QR-9HV-HPHWIKG,QR-9HV-HPHWIKG.png
30,QR-LKFIRN4QXNW,https://vk.me/club236814060?start=QR-LKFIRN4QXNW&ref=QR-LKFIRN4QXNW,QR-LKFIRN4QXNW.png
